formattedTitle, collected, releaseDate, releaseMSRP, dateCollected, collectedPrice,notes
007 Racing (PS1),FALSE,,,,,
007 : Tomorrow Never Dies,FALSE,,,,,
007 : The World Is Not Enough,FALSE,,,,,
101 Dalmatians II: Patch's London Adventure,FALSE,,,,,
102 Dalmatians: Puppies to the Rescue,FALSE,,,,,
16 Tales,FALSE,,,,,
16 Tales 2,FALSE,,,,,
2 on 2 Open Ice Challenge,TRUE,,,8/1/2023,26.96,
2002 FIFA World Cup,FALSE,,,,,
2Xtreme,FALSE,,,,,
3D Baseball,FALSE,,,,,
3Xtreme,TRUE,,,7/25/2023,3.5,
40 Winks: Conquer Your Dreams,FALSE,,,,,
A-Train,FALSE,,,,,
Ace Combat 2,FALSE,,,,,
Ace Combat 3: Electrosphere,FALSE,,,,,
Aces of the Air,FALSE,,,,,
Action Bass,FALSE,,,,,
Action Man: Operation Extreme,FALSE,,,,,
Adidas Power Soccer,FALSE,,,,,
Adidas Power Soccer 98,FALSE,,,,,
The Adventures of Lomax,FALSE,,,,,
Agile Warrior F-111X,FALSE,,,,,
Air Combat,FALSE,,,,,
Air Hockey,FALSE,,,,,
Akuji the Heartless,FALSE,,,,,
Alexi Lalas International Soccer,FALSE,,,,,
Alien Resurrection,FALSE,,,,,
Alien Trilogy,FALSE,,,,,
All-Star Racing,FALSE,,,,,
All-Star Racing 2,FALSE,,,,,
All-Star Slammin' D-Ball,FALSE,,,,,
Allied General,FALSE,,,,,
Alone in the Dark: One-Eyed Jack's Revenge,FALSE,,,,,
Alone in the Dark : The New Nightmare,FALSE,,,,,
Alundra,FALSE,,,,,
Alundra 2 : A New Legend Begins,FALSE,,,,,
The Amazing Virtual Sea-Monkeys,FALSE,,,,,
American Pool,FALSE,,,,,
Andretti Racing,TRUE,,,7/25/2023,4,
Animaniacs: Ten Pin Alley,FALSE,,,,,
Animorphs: Shattered Reality,FALSE,,,,,
Ape Escape,FALSE,,,,,
Apocalypse,TRUE,,,8/1/2023,20,
Arc the Lad Collection,FALSE,,,,,
Aquanaut's Holiday,FALSE,,,,,
Arcade Party Pak,FALSE,,,,,
Arcade's Greatest Hits: The Atari Collection 1,FALSE,,,,,
Arcade's Greatest Hits: The Atari Collection 2,FALSE,,,,,
Arcade's Greatest Hits: Midway Collection 2,FALSE,,,,,
Area 51,FALSE,,,,,
Armored Core: Master of Arena,FALSE,,,,,
Armored Core,FALSE,,,,,
Armored Core: Project Phantasma,FALSE,,,,,
Armorines: Project S.W.A.R.M.,FALSE,,,,,
Army Men 3D,FALSE,,,,,
Army Men: Air Attack,TRUE,,,7/25/2023,6,
Army Men: Air Attack 2,FALSE,,,,,
Army Men: Green Rogue,FALSE,,,,,
Army Men: Sarge's Heroes,FALSE,,,,,
Army Men: Sarge's Heroes 2,FALSE,,,,,
Army Men: World War,FALSE,,,,,
Army Men: World War: Final Front,FALSE,,,,,
"Army Men: World War: Land, Sea, Air",FALSE,,,,,
Army Men: World War: Team Assault,FALSE,,,,,
Arthur! Ready to Race,FALSE,,,,,
Assault: Retribution,FALSE,,,,,
Assault Rigs,FALSE,,,,,
Asteroids,TRUE,,,7/25/2023,4,
Atari Anniversary Edition Redux,FALSE,,,,,
Atlantis: The Lost Empire,FALSE,,,,,
ATV Mania,FALSE,,,,,
ATV Quad Power Racing,FALSE,,,,,
ATV Racers,FALSE,,,,,
Austin Powers Pinball,FALSE,,,,,
Auto Destruct,FALSE,,,,,
Azure Dreams,FALSE,,,,,
Backstreet Billiards,FALSE,,,,,
Backyard Soccer,FALSE,,,,,
Baldies,FALSE,,,,,
Ball Breakers,FALSE,,,,,
Ballblazer Champions,FALSE,,,,,
Ballerburg Castle Chaos,FALSE,,,,,
Ballistic,FALSE,,,,,
Barbie Explorer,FALSE,,,,,
Barbie Race & Ride,FALSE,,,,,
Barbie Super Sports,FALSE,,,,,
Barbie: Gotta Have Games,FALSE,,,,,
Baseball 2000,FALSE,,,,,
Bases Loaded '96,FALSE,,,,,
Bass Landing,FALSE,,,,,
Bass Rise,FALSE,,,,,
Batman & Robin,FALSE,,,,,
Batman Beyond: Return of the Joker,FALSE,,,,,
Batman Forever: The Arcade Game,FALSE,,,,,
Batman: Gotham City Racer,FALSE,,,,,
Battle Arena Toshinden,FALSE,,,,,
Battle Arena Toshinden 2,FALSE,,,,,
Battle Arena Toshinden 3,FALSE,,,,,
Battle Hunter,FALSE,,,,,
Battlesport,FALSE,,,,,
Battle Stations,FALSE,,,,,
Battletanx: Global Assault,FALSE,,,,,
Beast Wars: Transformers,FALSE,,,,,
Beyblade: Let It Rip,FALSE,,,,,
Beyond the Beyond,FALSE,,,,,
Big Air,FALSE,,,,,
Big Bass Fishing,FALSE,,,,,
Big Bass World Championship,FALSE,,,,,
Big League Slugger Baseball,FALSE,,,,,
Billiards,FALSE,,,,,
Big Strike Bowling,FALSE,,,,,
Bio F.R.E.A.K.S.,TRUE,,,7/25/2023,8,
Black Bass With Blue Marlin,FALSE,,,,,
BLACK DAWN,FALSE,,,,,
Blade,FALSE,,,,,
Blades of Blood: Samurai Shodown III,FALSE,,,,,
Blast Chamber,FALSE,,,,,
Blast Lacrosse,FALSE,,,,,
Blast Radius,FALSE,,,,,
Blaster Master: Blasting Again,FALSE,,,,,
Blasto,FALSE,,,,,
Blazing Dragons,FALSE,,,,,
Blockids,FALSE,,,,,
Blood Omen: Legacy of Kain,FALSE,,,,,
Bloody Roar,FALSE,,,,,
Bloody Roar 2,FALSE,,,,,
Blue's Clues: Blue's Big Musical,TRUE,,,7/25/2023,7,
Board Game Top Shop,FALSE,,,,,
Bob the Builder - Can We Fix It?,FALSE,,,,,
Bogey Dead 6,FALSE,,,,,
Bomberman Fantasy Race,FALSE,,,,,
Bomberman Party Edition,FALSE,,,,,
Bomberman World,FALSE,,,,,
The Bombing Islands,FALSE,,,,,
Boombots,FALSE,,,,,
Bottom of the 9th,FALSE,,,,,
Bottom of the 9th '97,FALSE,,,,,
Bottom of the 9th '99,FALSE,,,,,
Bowling,FALSE,,,,,
Boxing,FALSE,,,,,
BRAHMA Force: The Assault on Beltlogger 9,FALSE,,,,,
Brain Dead 13,FALSE,,,,,
Bratz Dress Up & Get Down,FALSE,,,,,
Brave Fencer Musashi,FALSE,,,,,
Bravo Air Race,FALSE,,,,,
Breakout,FALSE,,,,,
Breath of Fire III,FALSE,,,,,
Breath of Fire IV,FALSE,,,,,
Brigandine: Legend of Forsena,FALSE,,,,,
Broken Helix,FALSE,,,,,
Broken Sword: The Shadow of the Templars,FALSE,,,,,
Broken Sword 2 : The Smoking Mirror,FALSE,,,,,
Brunswick Circuit Pro Bowling,FALSE,,,,,
Brunswick Circuit Pro Bowling 2,FALSE,,,,,
Bubble Bobble Featuring Rainbow,FALSE,,,,,
Bubsy 3D,TRUE,,,7/25/2023,20,
Bug Riders,FALSE,,,,,
A Bug's Life,FALSE,,,,,
Bugs Bunny: Lost in Time,FALSE,,,,,
Bugs Bunny & Taz: Time Busters,FALSE,,,,,
Builder's Block,FALSE,,,,,
Burning Road,FALSE,,,,,
Burstrick Wake Boarding!!,TRUE,,,7/25/2023,4,
Bushido Blade,FALSE,,,,,
Bushido Blade 2,FALSE,,,,,
Bust a Groove,FALSE,,,,,
Bust a Groove 2,FALSE,,,,,
Bust-A-Move 2 - Arcade Edition,FALSE,,,,,
Bust-A-Move 3,FALSE,,,,,
Bust-A-Move 4,FALSE,,,,,
Bust-A-Move '99,FALSE,,,,,
Buster Bros. Collection,FALSE,,,,,
Buzz Lightyear of Star Command,FALSE,,,,,
C-12: Final Resistance,FALSE,,,,,
Cabela's Big Game Hunter: Ultimate Challenge,FALSE,,,,,
Cabela's Ultimate Deer Hunt: Open Season,FALSE,,,,,
Caesars Palace,FALSE,,,,,
Caesar's Palace II,FALSE,,,,,
Caesar's Palace 2000,TRUE,,,7/25/2023,7,
Calamity Adventure,FALSE,,,,,
Cali's Geo Tools,FALSE,,,,,
Capcom VS SNK: Pro,FALSE,,,,,
Car & Driver Presents: Grand Tour Racing '98,FALSE,,,,,
Card Games,FALSE,,,,,
Cardinal Syn,FALSE,,,,,
Carnage Heart,FALSE,,,,,
CART World Series,FALSE,,,,,
Casper,FALSE,,,,,
Casper - Friends Around the World,FALSE,,,,,
Castlevania Chronicles,FALSE,,,,,
Castlevania: Symphony of the Night,FALSE,,,,,
Castrol Honda Superbike Racing,FALSE,,,,,
The Cat in the Hat,FALSE,,,,,
Celebrity Deathmatch,FALSE,,,,,
Centipede,TRUE,,,7/25/2023,7,
Championship Bass,FALSE,,,,,
Championship Manager Quiz,FALSE,,,,,
Championship Motocross Featuring Ricky Carmichael,FALSE,,,,,
Championship Motocross 2001 Featuring Ricky Carmichael,FALSE,,,,,
Championship Surfer,FALSE,,,,,
Chase the Express,FALSE,,,,,
Chess,FALSE,,,,,
Chessmaster II,FALSE,,,,,
Chessmaster 3D,FALSE,,,,,
Chicken Run,FALSE,,,,,
Chocobo Racing,FALSE,,,,,
Chocobo's Mysterious Dungeon 2,FALSE,,,,,
Chronicles of the Sword,FALSE,,,,,
Chrono Cross,FALSE,,,,,
The City of Lost Children,FALSE,,,,,
Civilization II,TRUE,,,7/25/2023,20,
Cleopatra's Fortune,FALSE,,,,,
Circuit Breakers,FALSE,,,,,
Clock Tower,FALSE,,,,,
Clock Tower: The First Fear,FALSE,,,,,
Clock Tower II: The Struggle Within,FALSE,,,,,
Codename: Tenka,FALSE,,,,,
Colin Mcrae Rally 2.0,FALSE,,,,,
Colin Mcrae Rally,FALSE,,,,,
College Slam,FALSE,,,,,
Colony Wars,FALSE,,,,,
Colony Wars Vengeance,FALSE,,,,,
Colony Wars: Red Sun,FALSE,,,,,
Command & Conquer,FALSE,,,,,
Command & Conquer: Red Alert,FALSE,,,,,
Command & Conquer Red Alert: Retaliation,FALSE,,,,,
Contender,FALSE,,,,,
Contender 2,TRUE,,,7/25/2023,4,
The Contra Adventure,FALSE,,,,,
Contra: Legacy of War,FALSE,,,,,
Cool Boarders,FALSE,,,,,
Cool Boarders 2,FALSE,,,,,
Cool Boarders 3,FALSE,,,,,
Cool Boarders 4,FALSE,,,,,
Cosmic Cookoff: Language Arts,FALSE,,,,,
Cosmic Cookoff: Mathematics,FALSE,,,,,
Countdown Vampires,FALSE,,,,,
Courier Crisis,FALSE,,,,,
Covert Ops: Nuclear Dawn,FALSE,,,,,
Crash Bandicoot,FALSE,,,,,
Crash Bandicoot 2: Cortex Strikes Back,FALSE,,,,,
Crash Bandicoot 3: Warped,FALSE,,,,,
Crash Team Racing,FALSE,,,,,
Crash Bash,FALSE,,,,,
Creative Camp,FALSE,,,,,
Creatures,FALSE,,,,,
Creatures 3: Raised in Space,FALSE,,,,,
Crime Killer,FALSE,,,,,
Critical Depth,FALSE,,,,,
Criticom,FALSE,,,,,
Croc: Legend of the Gobbos,FALSE,,,,,
Croc 2,FALSE,,,,,
Crossroad Crisis,FALSE,,,,,
The Crow: City of Angels,FALSE,,,,,
Crusader: No Remorse,FALSE,,,,,
Crusaders of Might and Magic,FALSE,,,,,
Crypt Killer,FALSE,,,,,
CT Special Forces,FALSE,,,,,
Cubix Robots for Everyone: Race 'N Robots,TRUE,,,7/25/2023,6,
Cyberia,FALSE,,,,,
Cybersled,FALSE,,,,,
Cyberspeed,FALSE,,,,,
Cybertiger,FALSE,,,,,
D,FALSE,,,,,
Dance Dance Revolution,FALSE,,,,,
Dance Dance Revolution Disney Mix,FALSE,,,,,
Dance Dance Revolution Konamix,FALSE,,,,,
Danger Girl,FALSE,,,,,
Dare Devil Derby 3D,FALSE,,,,,
Darklight Conflict,FALSE,,,,,
Darkstalkers,FALSE,,,,,
Darkstalkers 3,FALSE,,,,,
Darkstone,TRUE,,,7/25/2023,7,
Dave Mirra Freestyle BMX,FALSE,,,,,
Dave Mirra Freestyle BMX: Maximum Remix,FALSE,,,,,
David Beckham Soccer,FALSE,,,,,
Dead Ball Zone,FALSE,,,,,
Dead in the Water,FALSE,,,,,
Dead or Alive,FALSE,,,,,
Deathtrap Dungeon,FALSE,,,,,
Deception 3: Dark Delusion,FALSE,,,,,
Defcon 5,FALSE,,,,,
Delta Force: Urban Warfare,FALSE,,,,,
Demolition Racer,FALSE,,,,,
Descent,FALSE,,,,,
Descent II,FALSE,,,,,
Destrega,FALSE,,,,,
Destruction Derby,FALSE,,,,,
Destruction Derby 2,FALSE,,,,,
Destruction Derby Raw,FALSE,,,,,
Detective Barbie: Mystery Cruise,FALSE,,,,,
Devil Dice,FALSE,,,,,
Dexter's Laboratory: Mandark's Lab?,TRUE,,,7/25/2023,8,
Diablo,FALSE,,,,,
Die Hard Trilogy,FALSE,,,,,
Die Hard Trilogy 2 : Viva Las Vegas,FALSE,,,,,
Digimon Digital Card Battle,FALSE,,,,,
Digimon Rumble Arena,FALSE,,,,,
Digimon World,FALSE,,,,,
Digimon World 2,TRUE,,,,,Owned since childhood
Digimon World 3,FALSE,,,,,
Dino Crisis,FALSE,,,,,
Dino Crisis 2,FALSE,,,,,
Dirt Jockey,FALSE,,,,,
Discworld II,FALSE,,,,,
Discworld,FALSE,,,,,
Disney's Aladdin in Nasira's Revenge,FALSE,,,,,
Disney's Dinosaur,FALSE,,,,,
Disney's Donald Duck: Goin' Quackers,FALSE,,,,,
Disney's Hercules,FALSE,,,,,
Disney's Lilo & Stitch,FALSE,,,,,
Disney's Peter Pan in Return to Neverland,FALSE,,,,,
Disney's Pooh's Party Game: In Search of the Treasure,FALSE,,,,,
Disney's Story Studio - Mulan,FALSE,,,,,
Disney's the Little Mermaid II,FALSE,,,,,
Disney's Tarzan,FALSE,,,,,
Disruptor,FALSE,,,,,
The Divide: Enemies Within,FALSE,,,,,
Doom,FALSE,,,,,
Dora the Explorer: Barnyard Buddies,FALSE,,,,,
Dracula 2: The Last Sanctuary,FALSE,,,,,
Dracula: The Resurrection,FALSE,,,,,
Dragon Ball GT: Final Bout,FALSE,,,,,
Dragon Ball Z: Ultimate Battle 22,FALSE,,,,,
Dragonheart: Fire & Steel,FALSE,,,,,
Dragon Quest VII: Fragments of the Forgotten Past,FALSE,,,,,
Dragonseeds,FALSE,,,,,
Dragon Tales: Dragon Seek,FALSE,,,,,
Dragon Valor,FALSE,,,,,
Driver,TRUE,,,7/25/2023,3.5,
Driver 2,FALSE,,,,,
Ducati World Racing Challenge,FALSE,,,,,
Duke Nukem: Total Meltdown,FALSE,,,,,
Duke Nukem: Land of the Babes,FALSE,,,,,
Duke Nukem: Time to Kill,FALSE,,,,,
The Dukes of Hazzard : Racing for Home,FALSE,,,,,
The Dukes of Hazzard II: Daisy Dukes It Out,TRUE,,,7/25/2023,20,
Dune 2000,FALSE,,,,,
Dynasty Warriors,FALSE,,,,,
Eagle One: Harrier Attack,FALSE,,,,,
Easter Bunny's Big Day,FALSE,,,,,
Echo Night,FALSE,,,,,
ECW Anarchy Rulz,FALSE,,,,,
ECW Hardcore Revolution,FALSE,,,,,
Eggs of Steel: Charlie's Eggcellent Adventure,FALSE,,,,,
Ehrgeiz: God Bless the Ring,FALSE,,,,,
Einh√§nder,FALSE,,,,,
Elemental Gearbolt,FALSE,,,,,
Eliminator,FALSE,,,,,
The Emperor's New Groove,FALSE,,,,,
Epidemic,FALSE,,,,,
Equestrian Showcase,FALSE,,,,,
ESPN Extreme Games,FALSE,,,,,
ESPN MLS Gamenight,FALSE,,,,,
ESPN X-Games Pro Boarder,TRUE,,,7/25/2023,3.5,
E.T. the Extra-Terrestrial: Interplanetary Mission,FALSE,,,,,
Eternal Eyes,FALSE,,,,,
Evil Dead: Hail to the King,FALSE,,,,,
Evil Zone,FALSE,,,,,
Excalibur 2555 A.D.,FALSE,,,,,
Expendable,FALSE,,,,,
Extreme Pinball,FALSE,,,,,
F1 2000,FALSE,,,,,
F1 Championship Season 2000,FALSE,,,,,
F1 Racing Championship,FALSE,,,,,
F1 World Grand Prix,FALSE,,,,,
Fade to Black,FALSE,,,,,
Family Card Game Fun Pack,FALSE,,,,,
Family Feud,FALSE,,,,,
Family Game Pack,TRUE,,,7/25/2023,8,
Fantastic Four,FALSE,,,,,
Fatal Fury: Wild Ambition,FALSE,,,,,
Fear Effect,FALSE,,,,,
Fear Effect 2 : Retro Helix,FALSE,,,,,
Felony 11-79,FALSE,,,,,
FIFA Soccer '96,FALSE,,,,,
FIFA 97,FALSE,,,,,
FIFA: Road to World Cup 98,FALSE,,,,,
FIFA 99,FALSE,,,,,
FIFA 2000,FALSE,,,,,
FIFA 2001,FALSE,,,,,
FIFA Soccer 2002,FALSE,,,,,
FIFA Soccer 2003,FALSE,,,,,
FIFA 2004,FALSE,,,,,
FIFA Soccer 2005,FALSE,,,,,
The Fifth Element,FALSE,,,,,
Fighter Maker,FALSE,,,,,
Fighting Force,FALSE,,,,,
Fighting Force 2,FALSE,,,,,
Final Doom,FALSE,,,,,
Final Fantasy VI,FALSE,,,,,
Final Fantasy VII,TRUE,,,,,Owned since childhood
Final Fantasy VIII,TRUE,,,,,Owned since childhood
Final Fantasy IX,TRUE,,,,,Owned since childhood
Final Fantasy Anthology,FALSE,,,,,
Final Fantasy Chronicles,FALSE,,,,,
Final Fantasy Origins,FALSE,,,,,
Final Fantasy Tactics,FALSE,,,,,
The Final Round,FALSE,,,,,
Fisherman's Bait: A Bass Challenge,FALSE,,,,,
Fisherman's Bait 2: Big Ol' Bass,FALSE,,,,,
Fisherman's Bait 3,FALSE,,,,,
Flintstones Bedrock Bowling,TRUE,,,14/7/2023,20,
Floating Runner,FALSE,,,,,
Ford Racing,TRUE,,,7/25/2023,3,
Ford Truck Mania,FALSE,,,,,
Formula 1,FALSE,,,,,
Formula One 97,FALSE,,,,,
Formula One 98,FALSE,,,,,
Formula One 99,FALSE,,,,,
Forsaken,FALSE,,,,,
Fox Hunt,FALSE,,,,,
Foxkids.com Micro Maniacs Racing,TRUE,,,7/25/2023,7,
Fox Sports Golf '99,FALSE,,,,,
Fox Sports Soccer '99,FALSE,,,,,
Frank Thomas Big Hurt Baseball,FALSE,,,,,
Freestyle Boardin' '99,FALSE,,,,,
Freestyle Motocross: McGrath vs. Pastrana,FALSE,,,,,
Frogger,FALSE,,,,,
Frogger 2: Swampy's Revenge,TRUE,,,7/25/2023,3.5,
Front Mission 3,FALSE,,,,,
Future Cop: LAPD,FALSE,,,,,
G-Darius,FALSE,,,,,
G-Police,FALSE,,,,,
G-Police: Weapons of Justice,FALSE,,,,,
Galaga: Destination Earth,FALSE,,,,,
Galerians,FALSE,,,,,
Gallop Racer,FALSE,,,,,
The Game of Life,FALSE,,,,,
Gauntlet Legends,FALSE,,,,,
Gekido,FALSE,,,,,
Gekioh: Shooting King,FALSE,,,,,
Geom Cube,FALSE,,,,,
Gex,FALSE,,,,,
Gex: Enter the Gecko,FALSE,,,,,
Gex 3: Deep Cover Gecko,FALSE,,,,,
Ghost in the Shell,FALSE,,,,,
Glover,FALSE,,,,,
Goal Storm,FALSE,,,,,
Goal Storm '97,FALSE,,,,,
Gold and Glory: The Road to El Dorado,FALSE,,,,,
Goofy's Fun House,FALSE,,,,,
Golden Nugget,FALSE,,,,,
Grandia,FALSE,,,,,
Grand Theft Auto,FALSE,,,,,
Grand Theft Auto 2,FALSE,,,,,
Grand Theft Auto: London 1961,FALSE,,,,,
Gran Turismo,FALSE,,,,,
Gran Turismo 2,FALSE,,,,,
The Granstream Saga,FALSE,,,,,
Grid Runner,FALSE,,,,,
The Grinch Who Stole Christmas,FALSE,,,,,
Grind Session,FALSE,,,,,
Grudge Warriors,FALSE,,,,,
Guardian's Crusade,FALSE,,,,,
Gubble,FALSE,,,,,
Guilty Gear,FALSE,,,,,
Gundam: Battle Assault,FALSE,,,,,
Gundam Battle Assault 2,FALSE,,,,,
Gunfighter: The Legend of Jesse James,FALSE,,,,,
Gunship,FALSE,,,,,
Hardball '99,FALSE,,,,,
Harry Potter and the Chamber of Secrets,FALSE,,,,,
Harry Potter and the Philosopher's Stone,FALSE,,,,,
Harvest Moon: Back to Nature,FALSE,,,,,
HBO Boxing,FALSE,,,,,
Heart of Darkness,FALSE,,,,,
Hellboy: Asylum Seeker,FALSE,,,,,
Hello Kitty's Cube Frenzy[,FALSE,,,,,
Herc's Adventures,FALSE,,,,,
Hexen,FALSE,,,,,
Hi-Octane,FALSE,,,,,
High Heat Baseball 2000,FALSE,,,,,
High Heat Major League Baseball 2002,FALSE,,,,,
The Hive,FALSE,,,,,
Hogs of War,FALSE,,,,,
Hooters Road Trip,FALSE,,,,,
Hoshigami: Ruining Blue Earth,FALSE,,,,,
Hot Shots Golf,FALSE,,,,,
Hot Shots Golf 2,FALSE,,,,,
Hot Wheels Extreme Racing,FALSE,,,,,
Hot Wheels Turbo Racing,FALSE,,,,,
Hugo: The Evil Mirror,FALSE,,,,,
Hydro Thunder,TRUE,,,7/25/2023,20,
IHRA Drag Racing,TRUE,,,7/25/2023,3,
Impact Racing,FALSE,,,,,
In Cold Blood,FALSE,,,,,
Incredible Crisis,FALSE,,,,,
In the Hunt,FALSE,,,,,
The Incredible Hulk: The Pantheon Saga,FALSE,,,,,
Independence Day,TRUE,,,7/25/2023,10,
Inspector Gadget: Gadget's Crazy Maze,TRUE,,,7/25/2023,7,
Intelligent Qube,FALSE,,,,,
Intellivision Classic Games,FALSE,,,,,
International Superstar Soccer Pro,FALSE,,,,,
International Superstar Soccer '98,FALSE,,,,,
International Track & Field,FALSE,,,,,
International Track & Field 2000,FALSE,,,,,
Inuyasha: A Feudal Fairy Tale,FALSE,,,,,
Invasion From Beyond,FALSE,,,,,
Iron and Blood,TRUE,,,7/25/2023,10,
Iron Man and X-O Manowar in Heavy Metal,FALSE,,,,,
Iron Soldier 3,FALSE,,,,,
Irritating Stick,FALSE,,,,,
ISS Pro Evolution,FALSE,,,,,
The Italian Job,FALSE,,,,,
Jackie Chan Stuntmaster,FALSE,,,,,
Jade Cocoon : Story of the Tamamayu,TRUE,,,7/25/2023,65,
Jarrett & Labonte Stock Car Racing,FALSE,,,,,
Jeopardy!,TRUE,,,7/25/2023,3.5,
Jeopardy! 2,FALSE,,,,,
Jeremy McGrath Supercross '98,FALSE,,,,,
Jeremy McGrath Supercross 2000,FALSE,,,,,
Jersey Devil,FALSE,,,,,
Jet Moto,FALSE,,,,,
Jet Moto 2,FALSE,,,,,
Jet Moto 3,FALSE,,,,,
Jigsaw Madness,FALSE,,,,,
Jimmy Johnson VR Football '98,FALSE,,,,,
Jimmy White's 2: Cueball,FALSE,,,,,
Jojo's Bizarre Adventure,FALSE,,,,,
Johnny Bazookatone,FALSE,,,,,
Jonah Lomu Rugby,FALSE,,,,,
Judge Dredd,TRUE,,,7/25/2023,20,
Juggernaut,FALSE,,,,,
Jumping Flash,FALSE,,,,,
Jumping Flash! 2,FALSE,,,,,
Jumpstart Wildlife Safari Field Trip,FALSE,,,,,
The Jungle Book Groove Party,FALSE,,,,,
Jupiter Strike,FALSE,,,,,
K-1 the Arena Fighters,FALSE,,,,,
K-1 Grand Prix,FALSE,,,,,
K-1 Revenge,FALSE,,,,,
Kagero: Deception 2,TRUE,,,,,Owned since childhood
Kartia: The Word of Fate,FALSE,,,,,
Kazmania: Chaos in Kazmania,FALSE,,,,,
Kazmania: Trail of Gems,FALSE,,,,,
Kensei: Sacred Fist,FALSE,,,,,
Kickboxing,FALSE,,,,,
Kileak: The DNA Imperative,FALSE,,,,,
Killer Loop,FALSE,,,,,
Killing Zone,FALSE,,,,,
King of Fighters '95,FALSE,,,,,
The King of Fighters '96,FALSE,,,,,
The King of Fighters '99,FALSE,,,,,
Kingsley's Adventure,FALSE,,,,,
King's Field,FALSE,,,,,
King's Field II,FALSE,,,,,
KISS Pinball,TRUE,,,7/25/2023,7,
KKND2: Krossfire,FALSE,,,,,
Klonoa: Door to Phantomile,FALSE,,,,,
Knockout Kings 99,FALSE,,,,,
Knockout Kings 2000,FALSE,,,,,
Knockout Kings 2001,FALSE,,,,,
Konami Arcade Classics,FALSE,,,,,
Koudelka,FALSE,,,,,
Krazy Ivan,FALSE,,,,,
Kula World,FALSE,,,,,
Kurt Warner's Arena Football Unleashed,FALSE,,,,,
The Land Before Time: Big Water Adventure,FALSE,,,,,
The Land Before Time: Great Valley Racing Adventure,FALSE,,,,,
The Land Before Time: Return to the Great Valley,TRUE,,,7/25/2023,7,
Largo Winch.//Commando Sar,FALSE,,,,,
Legacy of Kain: Soul Reaver,FALSE,,,,,
The Legend of Dragoon,FALSE,,,,,
Legend of Legaia,FALSE,,,,,
Legend of Mana,FALSE,,,,,
Lego Island 2: The Brickster's Revenge,FALSE,,,,,
Lego Racers,FALSE,,,,,
Lego Rock Raiders,FALSE,,,,,
3D Lemmings,FALSE,,,,,
Lemmings & Oh No! More Lemmings,FALSE,,,,,
Lethal Enforcers I & II,FALSE,,,,,
The Lion King: Simba's Mighty Adventure,FALSE,,,,,
Loaded,FALSE,,,,,
Lode Runner,FALSE,,,,,
Lode Runner: The Legend Returns,FALSE,,,,,
Looney Tunes Racing,FALSE,,,,,
Lost Vikings 2,FALSE,,,,,
The Lost World: Jurassic Park,FALSE,,,,,
Lucky Luke,FALSE,,,,,
Lunar: Silver Star Story Complete,FALSE,,,,,
Lunar 2: Eternal Blue Complete,FALSE,,,,,
M&Ms - Shell Shocked,FALSE,,,,,
Machine Head,FALSE,,,,,
Machine Hunter,FALSE,,,,,
Madden NFL 97,FALSE,,,,,
Madden NFL 98,TRUE,,,7/25/2023,3.5,
Madden 99,FALSE,,,,,
Madden NFL 2000,TRUE,,,8/1/2023,1,
Madden NFL 2001,TRUE,,,8/1/2023,1,
Madden NFL 2002,TRUE,,,8/1/2023,1,
Madden NFL 2003,TRUE,,,8/1/2023,4,
Madden NFL 2004,FALSE,,,,,
Madden NFL 2005,FALSE,,,,,
Magic Carpet,FALSE,,,,,
Magic: The Gathering: Battlemage,FALSE,,,,,
Marble Master,FALSE,,,,,
Mars Moose Cosmic Quest,FALSE,,,,,
Martian Gothic: Unification,FALSE,,,,,
Marvel Super Heroes,FALSE,,,,,
Marvel Super Heroes vs. Street Fighter,FALSE,,,,,
Marvel vs. Capcom: Clash of Super Heroes,FALSE,,,,,
Mary-Kate & Ashley Crash Course,FALSE,,,,,
Mary-Kate & Ashley Magical Mystery Mall,FALSE,,,,,
Mary-Kate & Ashley Winner's Circle,TRUE,,,8/3/2023,4.82,
Mass Destruction,TRUE,,,8/1/2023,6.29,
Master of Monsters: Disciples of Gaia,FALSE,,,,,
Mat Hoffman's Pro BMX,FALSE,,,,,
Maximum Force,FALSE,,,,,
MDK,FALSE,,,,,
Mechwarrior 2,FALSE,,,,,
Medal of Honor,FALSE,,,,,
Medal of Honor Underground,FALSE,,,,,
Medievil,FALSE,,,,,
Medievil 2,FALSE,,,,,
Mega Man 8,FALSE,,,,,
Mega Man Battle and Chase,FALSE,,,,,
Mega Man Legends,FALSE,,,,,
Mega Man Legends 2,FALSE,,,,,
Mega Man X4,TRUE,,,,,Owned since childhood
Mega Man X5,FALSE,,,,,
Mega Man X6,FALSE,,,,,
Men in Black - The Series: Crashdown,FALSE,,,,,
Metal Gear Solid,FALSE,,,,,
Metal Gear Solid: VR Missions,FALSE,,,,,
Metal Slug X,FALSE,,,,,
Michelin Rally Masters: Race of Champions,FALSE,,,,,
Micro Machines V3,FALSE,,,,,
Mike Tyson Boxing,FALSE,,,,,
Miracle Space Race,FALSE,,,,,
The Misadventures of Tron Bonne,FALSE,,,,,
Miss Spider's Tea Party,TRUE,,,21/7/2023,4,
Missile Command,FALSE,,,,,
Mission: Impossible,FALSE,,,,,
MLB '98,FALSE,,,,,
MLB '99,FALSE,,,,,
MLB 2000,FALSE,,,,,
MLB 2001,FALSE,,,,,
MLB 2002,FALSE,,,,,
MLB 2003,FALSE,,,,,
MLB 2004,FALSE,,,,,
MLB 2005,FALSE,,,,,
MLB Pennant Race,FALSE,,,,,
Mobile Armor,FALSE,,,,,
Mobile Light Force,FALSE,,,,,
Monaco Grand Prix Racing Simulation,FALSE,,,,,
Monkey Hero,FALSE,,,,,
Monkey Magic,FALSE,,,,,
Monopoly,FALSE,,,,,
Monster Bass!,TRUE,,,7/25/2023,4,
Monster Rancher,FALSE,,,,,
Monster Rancher 2,FALSE,,,,,
Monster Rancher Battle Card: Episode II,FALSE,,,,,
Monster Rancher Hop-A-Bout,FALSE,,,,,
Monster Seed,FALSE,,,,,
Monsters Inc. Scream Team,FALSE,,,,,
Mort the Chicken,FALSE,,,,,
Mortal Kombat 3,FALSE,,,,,
Mortal Kombat 4,FALSE,,,,,
Mortal Kombat Mythologies: Sub-Zero,FALSE,,,,,
Mortal Kombat: Special Forces,FALSE,,,,,
Mortal Kombat Trilogy,FALSE,,,,,
Moto Racer,FALSE,,,,,
Moto Racer 2,FALSE,,,,,
Moto Racer 3: World Tour,FALSE,,,,,
Motocross Mania,FALSE,,,,,
Motocross Mania 2,FALSE,,,,,
Motor Toon Grand Prix,FALSE,,,,,
Motorhead,FALSE,,,,,
Mr. Driller,FALSE,,,,,
Ms. Pac-Man Maze Madness,FALSE,,,,,
MTV Music Generator,FALSE,,,,,
MTV Sports: Pure Ride,FALSE,,,,,
MTV Sports: Skateboarding Featuring Andy MacDonald,FALSE,,,,,
MTV Sports: Snowboarding,FALSE,,,,,
MTV Sports: T.J. Lavin's Ultimate BMX,FALSE,,,,,
The Mummy,FALSE,,,,,
Muppet Monster Adventure,FALSE,,,,,
Muppet Race Mania,TRUE,,,7/25/2023,20,
My Disney Kitchen,FALSE,,,,,
Myst,FALSE,,,,,
N2O: Nitrous Oxide,FALSE,,,,,
Nagano Winter Olympics '98,FALSE,,,,,
NAMCO Museum Vol. 1,FALSE,,,,,
NAMCO Museum Vol. 2,FALSE,,,,,
NAMCO Museum Vol. 3,FALSE,,,,,
NAMCO Museum Vol. 4,FALSE,,,,,
NAMCO Museum Vol. 5,FALSE,,,,,
Nanotek Warrior,FALSE,,,,,
NASCAR 98,TRUE,,,8/1/2023,3.59,
NASCAR 99,FALSE,,,,,
NASCAR 2000,TRUE,,,8/1/2023,5.39,
NASCAR 2001,TRUE,,,8/1/2023,6.99,
NASCAR Heat,TRUE,,,8/1/2023,5.39,
NASCAR Racing,TRUE,,,8/1/2023,5.39,
NASCAR Rumble,FALSE,,,,,
NASCAR Thunder 2002,TRUE,,,8/1/2023,5.39,Beat up case
NASCAR Thunder 2003,FALSE,,,,,
NASCAR Thunder 2004,FALSE,,,,,
NBA Basketball 2000,FALSE,,,,,
NBA Fastbreak '98,FALSE,,,,,
NBA Hangtime,FALSE,,,,,
NBA Hoopz,FALSE,,,,,
NBA in the Zone,FALSE,,,,,
NBA in the Zone 2,FALSE,,,,,
NBA in the Zone '98,FALSE,,,,,
NBA in the Zone '99,FALSE,,,,,
NBA in the Zone 2000,FALSE,,,,,
NBA Jam Extreme,FALSE,,,,,
NBA Jam Tournament Edition,FALSE,,,,,
NBA Live 96,FALSE,,,,,
NBA Live 97,FALSE,,,,,
NBA Live 98,FALSE,,,,,
NBA Live 99,FALSE,,,,,
NBA Live 2000,FALSE,,,,,
NBA Live 2001,FALSE,,,,,
NBA Live 2002,FALSE,,,,,
NBA Live 2003,FALSE,,,,,
NBA Shootout,FALSE,,,,,
NBA Shootout '97,FALSE,,,,,
NBA Shootout 98,FALSE,,,,,
NBA Shootout 2000,FALSE,,,,,
NBA Shootout 2001,FALSE,,,,,
NBA Shootout 2002,FALSE,,,,,
NBA Shootout 2003,FALSE,,,,,
NBA Shootout 2004,FALSE,,,,,
NBA Showtime: NBA on NBC,FALSE,,,,,
NCAA Basketball Final Four 97,FALSE,,,,,
NCAA Final Four 99,FALSE,,,,,
NCAA Final Four 2000,FALSE,,,,,
NCAA Final Four 2001,FALSE,,,,,
NCAA Football 98,FALSE,,,,,
NCAA Football 99,FALSE,,,,,
NCAA Football 2000,FALSE,,,,,
NCAA Football 2001,FALSE,,,,,
NCAA Gamebreaker,FALSE,,,,,
NCAA Gamebreaker 98,FALSE,,,,,
NCAA Gamebreaker 99,FALSE,,,,,
NCAA Gamebreaker 2000,FALSE,,,,,
NCAA Gamebreaker 2001,FALSE,,,,,
NCAA March Madness 98,FALSE,,,,,
NCAA March Madness 99,FALSE,,,,,
NCAA March Madness 2000,FALSE,,,,,
NCAA March Madness 2001,FALSE,,,,,
Nectaris: Military Madness,FALSE,,,,,
Need for Speed II,FALSE,,,,,
Need for Speed III: Hot Pursuit,FALSE,,,,,
Need for Speed: High Stakes,FALSE,,,,,
Need for Speed: Porsche Unleashed,FALSE,,,,,
Need for Speed: V-Rally,FALSE,,,,,
Need for Speed: V-Rally 2,FALSE,,,,,
Newman Haas Racing,FALSE,,,,,
The Next Tetris,FALSE,,,,,
NFL Blitz,FALSE,,,,,
NFL Blitz 2000,FALSE,,,,,
NFL Blitz 2001,FALSE,,,,,
NFL Full Contact,FALSE,,,,,
NFL Gameday,FALSE,,,,,
NFL Gameday '97,FALSE,,,,,
NFL Gameday 98,FALSE,,,,,
NFL Gameday 99,TRUE,,,8/1/2023,3.59,
NFL Gameday 2000,TRUE,,,8/1/2023,3.59,
NFL Gameday 2001,FALSE,,,,,
NFL Gameday 2002,FALSE,,,,,
NFL Gameday 2003,FALSE,,,,,
NFL Gameday 2004,FALSE,,,,,
NFL Gameday 2005,FALSE,,,,,
NFL Quarterback Club 97,FALSE,,,,,
NFL Xtreme,FALSE,,,,,
NFL Xtreme 2,FALSE,,,,,
NGEN Racing,FALSE,,,,,
NHL 97,TRUE,,,7/25/2023,8,
NHL 98,FALSE,,,,,
NHL 99,FALSE,,,,,
NHL 2000,FALSE,,,,,
NHL 2001,FALSE,,,,,
NHL Blades of Steel 2000,FALSE,,,,,
NHL Breakaway 98,FALSE,,,,,
NHL Championship 2000,FALSE,,,,,
NHL Faceoff,FALSE,,,,,
NHL Faceoff '97,TRUE,,,8/1/2023,3,
NHL Faceoff 98,TRUE,,,8/1/2023,4,
NHL Faceoff 99,FALSE,,,,,
NHL Faceoff 2000,TRUE,,,8/1/2023,6,
NHL Faceoff 2001,FALSE,,,,,
NHL Powerplay '96,FALSE,,,,,
NHL Powerplay 98,TRUE,,,8/1/2023,4.95,
NHL Rock the Rink,TRUE,,,7/25/2023,4,
Nicktoons Racing,FALSE,,,,,
Nightmare Creatures,FALSE,,,,,
Nightmare Creatures 2,FALSE,,,,,
Ninja: Shadow of Darkness,FALSE,,,,,
No Fear Downhill Mountain Biking,TRUE,,,7/25/2023,8,
No One Can Stop Mr. Domino!,FALSE,,,,,
Novastorm,FALSE,,,,,
Nuclear Strike,FALSE,,,,,
Oddworld: Abe's Exoddus,FALSE,,,,,
Oddworld: Abe's Oddysee,FALSE,,,,,
O.D.T.,FALSE,,,,,
Off-World Interceptor Extreme,FALSE,,,,,
Olympic Soccer: Atlanta 1996,FALSE,,,,,
Olympic Summer Games: Atlanta 1996,FALSE,,,,,
Omega Boost,FALSE,,,,,
One,FALSE,,,,,
One Piece Mansion,FALSE,,,,,
Pac-Man World,FALSE,,,,,
Overblood,FALSE,,,,,
Pajama Sam: You Are What You Eat From Your Head to Your Feet,FALSE,,,,,
Pandemonium,FALSE,,,,,
Pandemonium 2,FALSE,,,,,
Panzer Front Bis,FALSE,,,,,
Parappa the Rapper,FALSE,,,,,
Parasite Eve,FALSE,,,,,
Parasite Eve II,FALSE,,,,,
Patriotic Pinball,FALSE,,,,,
Peak Performance,FALSE,,,,,
Perfect Weapon,FALSE,,,,,
Persona,FALSE,,,,,
Persona 2 Eternal Punishment,FALSE,,,,,
Peter Jacobsen's Golden Tee Golf,FALSE,,,,,
PGA Tour 96,FALSE,,,,,
PGA Tour 97,FALSE,,,,,
PGA Tour 98,FALSE,,,,,
Philosoma,FALSE,,,,,
Phix: The Adventure,FALSE,,,,,
Pink Panther: Pinkadelic Pursuit,FALSE,,,,,
Pinobee,FALSE,,,,,
Pipe Dreams 3D,FALSE,,,,,
Pitball,FALSE,,,,,
Pitfall 3D: Beyond the Jungle,FALSE,,,,,
Planet of the Apes,FALSE,,,,,
Play With the Teletubbies,FALSE,,,,,
Pocket Fighter,FALSE,,,,,
Point Blank 2,FALSE,,,,,
PO'ed,FALSE,,,,,
Point Blank,FALSE,,,,,
Point Blank 3,FALSE,,,,,
Polaris Snocross,FALSE,,,,,
Pong: The Next Level,FALSE,,,,,
Pool Hustler,FALSE,,,,,
Populous the Beginning,FALSE,,,,,
Porsche Challenge,FALSE,,,,,
Power Move Pro Wrestling,FALSE,,,,,
Power Play Sports Trivia,FALSE,,,,,
Power Rangers Lightspeed Rescue,FALSE,,,,,
Power Rangers Time Force,FALSE,,,,,
Power Rangers Zeo Full Tilt Battle Pinball,FALSE,,,,,
Power Serve 3D Tennis,FALSE,,,,,
Power Shovel,FALSE,,,,,
Powerslave,FALSE,,,,,
Power Spike Pro Beach Volleyball,FALSE,,,,,
The Powerpuff Girls: Chemical X-Traction,FALSE,,,,,
Poy Poy,FALSE,,,,,
Primal Rage,FALSE,,,,,
Pro 18 World Tour Golf,FALSE,,,,,
Pro Pinball,FALSE,,,,,
Pro Pinball: Big Race USA,FALSE,,,,,
Pro Pinball: Fantastic Journey,TRUE,,,7/25/2023,4,
Pro Pinball: Timeshock!,FALSE,,,,,
Professional Underground League of Pain,FALSE,,,,,
Project Overkill,FALSE,,,,,
Project: Horned Owl,FALSE,,,,,
Psybadek,FALSE,,,,,
Psychic Detective,FALSE,,,,,
Psychic Force,FALSE,,,,,
Punky Skunk,FALSE,,,,,
Puzzle Starsweep,FALSE,,,,,
Puzznic,FALSE,,,,,
Q*Bert,FALSE,,,,,
Qix Neo,FALSE,,,,,
Quake II,FALSE,,,,,
R-Type Delta,FALSE,,,,,
R4: Ridge Racer Type 4,FALSE,,,,,
Racing,FALSE,,,,,
Rage Racer,FALSE,,,,,
Rageball,FALSE,,,,,
The Raiden Project,FALSE,,,,,
Railroad Tycoon II,TRUE,,,7/25/2023,8,
Rally Cross,FALSE,,,,,
Rally Cross 2,FALSE,,,,,
Rampage World Tour,FALSE,,,,,
Rampage 2: Universal Tour,FALSE,,,,,
Rampage Through Time,FALSE,,,,,
Rapid Racer,FALSE,,,,,
Rascal,TRUE,,,7/25/2023,7,
Rascal Racers,FALSE,,,,,
Rat Attack!,FALSE,,,,,
Raycrisis: Series Termination,FALSE,,,,,
Ray Tracers,FALSE,,,,,
Rayman,FALSE,,,,,
Rayman 2: The Great Escape,FALSE,,,,,
Rayman Brain Games,FALSE,,,,,
Rayman Rush,FALSE,,,,,
Raystorm,FALSE,,,,,
Razor Freestyle Scooter,FALSE,,,,,
Razor Racing,FALSE,,,,,
RC De GO!,FALSE,,,,,
RC Helicopter,FALSE,,,,,
RC Revenge,TRUE,,,7/25/2023,7,
R/C Stunt Copter,FALSE,,,,,
Re-Volt,FALSE,,,,,
Ready 2 Rumble Boxing,FALSE,,,,,
Ready 2 Rumble Boxing: Round 2,FALSE,,,,,
Reboot,FALSE,,,,,
Red Asphalt,FALSE,,,,,
Reel Fishing,FALSE,,,,,
Reel Fishing II,FALSE,,,,,
Re-Loaded,FALSE,,,,,
Renegade Racers,FALSE,,,,,
Rescue Copter,TRUE,,,7/25/2023,4,
Rescue Heroes: Molten Menace,FALSE,,,,,
Resident Evil,FALSE,,,,,
Resident Evil Director'S Cut,FALSE,,,,,
Resident Evil: Director's Cut Dual Shock Version,FALSE,,,,,
Resident Evil 2,FALSE,,,,,
Resident Evil 2: Dual Shock Version,FALSE,,,,,
Resident Evil 3: NEMESIS,FALSE,,,,,
Resident Evil: Survivor,FALSE,,,,,
Return Fire,FALSE,,,,,
Revolution X,FALSE,,,,,
Rhapsody: A Musical Adventure,FALSE,,,,,
Ridge Racer,FALSE,,,,,
Ridge Racer Revolution,FALSE,,,,,
Rise 2: Resurrection,FALSE,,,,,
Rising Zan: The Samurai Gunman,FALSE,,,,,
Risk,FALSE,,,,,
Rival Schools,FALSE,,,,,
Road Rash,FALSE,,,,,
Riven,FALSE,,,,,
Road Rash 3D,FALSE,,,,,
Road Rash: Jailbreak,FALSE,,,,,
The Road & Track Presents: Need for Speed,FALSE,,,,,
Roadsters,FALSE,,,,,
Robo Pit,FALSE,,,,,
Robo Pit 2,FALSE,,,,,
Robotron X,FALSE,,,,,
Rock 'em Sock 'em Robots Arena,FALSE,,,,,
Rocket Power: Team Rocket Rescue,FALSE,,,,,
Rogue Trip: Vacation 2012,FALSE,,,,,
Roll Away,FALSE,,,,,
Rollcage,TRUE,,,7/25/2023,3.5,
Rollcage Stage II,FALSE,,,,,
Romance of the Three Kingdoms IV: Wall of Fire,FALSE,,,,,
Romance of the Three Kingdoms VI: Awakening of the Dragon,FALSE,,,,,
Rosco McQueen,FALSE,,,,,
"Roswell Conspiracies: Aliens, Myths and Legends",FALSE,,,,,
RPG Maker,FALSE,,,,,
Rugrats: Search for Reptar,FALSE,,,,,
Rugrats in Paris: The Movie,FALSE,,,,,
Rugrats: Studio Tour,FALSE,,,,,
Rugrats: Totally Angelica,FALSE,,,,,
Runabout 2,FALSE,,,,,
Running Wild,FALSE,,,,,
Rush Hour,FALSE,,,,,
Rushdown,FALSE,,,,,
S.C.A.R.S.,FALSE,,,,,
Sabrina the Teenage Witch: A Twitch in Time,FALSE,,,,,
Saga Frontier,FALSE,,,,,
Saga Frontier 2,FALSE,,,,,
Saiyuki: Journey West,FALSE,,,,,
Saltwater Sportfishing,FALSE,,,,,
Sammy Sosa High Heat Baseball 2001,FALSE,,,,,
Sammy Sosa Softball Slam,FALSE,,,,,
Samurai Shodown IV,FALSE,,,,,
Samurai Shodown: Warrior's Rage,FALSE,,,,,
San Francisco Rush,FALSE,,,,,
Santa Claus Saves the Earth,FALSE,,,,,
Scooby-Doo: And the Cyber Chase,FALSE,,,,,
Scrabble,TRUE,,,7/25/2023,7,Sealed
Sea-Doo Hydrocross,FALSE,,,,,
The Secret of Googol,FALSE,,,,,
Sentient,FALSE,,,,,
Sentinel Returns,FALSE,,,,,
Sesame Street Sports,FALSE,,,,,
Sesame Street: Elmo's Letter Adventure,TRUE,,,7/25/2023,10,
Sesame Street: Elmo's Number Journey,FALSE,,,,10,
Shadow Madness,FALSE,,,,,
Shadow Man,FALSE,,,,,
Shadow Master,FALSE,,,,,
Shadow Tower,FALSE,,,,,
Shanghai: True Valor,FALSE,,,,,
Sheep,FALSE,,,,,
Sheep Raider,FALSE,,,,,
Shellshock,FALSE,,,,,
Shipwreckers!,FALSE,,,,,
Shockwave Assault,FALSE,,,,,
Shooter: Space Shot,FALSE,,,,,
Shooter: Starfighter Sanvein,FALSE,,,,,
Shrek Treasure Hunt,TRUE,,,7/25/2023,3.5,
Silent Bomber,FALSE,,,,,
Silent Hill,FALSE,,,,,
Silhouette Mirage,FALSE,,,,,
Silverload,FALSE,,,,,
Simcity 2000,FALSE,,,,,
Sim Theme Park,FALSE,,,,,
The Simpsons Wrestling,FALSE,,,,,
Skeleton Warriors,TRUE,,,7/25/2023,20,
Skullmonkeys,FALSE,,,,,
Sky Sports Football Quiz,FALSE,,,,,
Sky Sports Football Quiz Season 02,FALSE,,,,,
Skydiving Extreme,FALSE,,,,,
Slam 'N' Jam 96 Featuring Magic & Kareem,FALSE,,,,,
Slamscape,FALSE,,,,,
Sled Storm,FALSE,,,,,
Slots,FALSE,,,,,
Small Soldiers,FALSE,,,,,
The Smurfs,FALSE,,,,,
Smurf Racer!,FALSE,,,,,
Sno-Cross Championship Racing,FALSE,,,,,
Snowboarding,FALSE,,,,,
Sol Divide,FALSE,,,,,
Sorcerer's Maze,FALSE,,,,,
Soul Blade,TRUE,,,7/25/2023,20,
Soul of the Samurai,FALSE,,,,,
South Park,FALSE,,,,,
South Park: Chef's Luv Shack,FALSE,,,,,
South Park Rally,FALSE,,,,,
Soviet Strike,FALSE,,,,,
Space Griffon VF-9,FALSE,,,,,
Space Hulk: Vengeance of the Blood Angels,FALSE,,,,,
Space Invaders,FALSE,,,,,
Space Jam,FALSE,,,,,
Spawn: The Eternal,FALSE,,,,,
Spec Ops: Airborne Commando,FALSE,,,,,
Spec Ops: Covert Assault,FALSE,,,,,
Spec Ops: Ranger Elite,FALSE,,,,,
Spec Ops: Stealth Patrol,FALSE,,,,,
Speed Power Gunbike,FALSE,,,,,
Speed Punks,FALSE,,,,,
Speed Racer,FALSE,,,,,
Speedball 2100,FALSE,,,,,
Spice World,FALSE,,,,,
Spider-Man,FALSE,,,,,
Spider-Man 2: Enter Electro,FALSE,,,,,
Spider: The Video Game,FALSE,,,,,
Spin Jam,FALSE,,,,,
SpongeBob Squarepants: Supersponge,TRUE,,,7/25/2023,3.5,
Sports Car GT,FALSE,,,,,
Sports Superbike 2,FALSE,,,,,
Spot Goes to Hollywood,FALSE,,,,,
Spyro the Dragon,FALSE,,,,,
Spyro 2: Ripto's Rage!,FALSE,,,,,
Spyro: Year of the Dragon,FALSE,,,,,
Star Fighter,FALSE,,,,,
Star Gladiator Episode I: Final Crusade,FALSE,,,,,
Star Ocean: The Second Story,FALSE,,,,,
Star Trek : Invasion,FALSE,,,,,
Star Wars Episode I : Jedi Power Battles,FALSE,,,,,
Star Wars Episode I: The Phantom Menace,FALSE,,,,,
Star Wars: Dark Forces,FALSE,,,,,
Star Wars: Demolition,FALSE,,,,,
Star Wars - Masters of Teras Kasi,FALSE,,,,,
Star Wars: Rebel Assault II - The Hidden Empire,FALSE,,,,,
Starblade Alpha,FALSE,,,,,
Starwinder: The Ultimate Space Race,FALSE,,,,,
Steel Harbinger,FALSE,,,,,
Steel Reign,FALSE,,,,,
Streak: Hoverboard Racing,TRUE,,,7/25/2023,7,
Street Fighter Alpha: Warrior's Dreams,FALSE,,,,,
Street Fighter Alpha 2,FALSE,,,,,
Street Fighter Alpha 3,FALSE,,,,,
Street Fighter Collection,FALSE,,,,,
Street Fighter Collection 2,FALSE,,,,,
Street Fighter EX Plus Alpha,FALSE,,,,,
Street Fighter EX2 Plus,FALSE,,,,,
Street Fighter: The Movie,FALSE,,,,,
Street Racer,FALSE,,,,,
Street Racquetball,FALSE,,,,,
Street Sk8er,FALSE,,,,,
Street Sk8er 2,FALSE,,,,,
Strider 2,FALSE,,,,,
Strike Point,FALSE,,,,,
Striker '96,FALSE,,,,,
Striker Pro 2000,FALSE,,,,,
Strikers 1945,FALSE,,,,,
Stuart Little 2,TRUE,,,7/25/2023,8,
Suikoden,FALSE,,,,,
Suikoden II,FALSE,,,,,
Super Bubble Pop,FALSE,,,,,
Super Puzzle Fighter II Turbo,FALSE,,,,,
Super Shot Soccer,FALSE,,,,,
Superbike 2000,FALSE,,,,,
Supercross 2000,FALSE,,,,,
Supercross,FALSE,,,,,
Supercross Circuit,FALSE,,,,,
Superstar Dance Club: #1 Hits!!!,FALSE,,,,,
Surf Riders,FALSE,,,,,
Swagman,TRUE,,,14/7/2023,30,
Sydney 2000,TRUE,,,7/25/2023,4,
Syndicate Wars,FALSE,,,,,
Syphon Filter,FALSE,,,,,
Syphon Filter 2,FALSE,,,,,
Syphon Filter 3,FALSE,,,,,
T'ai Fu: Wrath of the Tiger,TRUE,,,7/25/2023,30,
T.R.A.G.,FALSE,,,,,
Tactics Ogre: Let Us Cling Together,FALSE,,,,,
Tail Concerto,FALSE,,,,,
Tail of the Sun,FALSE,,,,,
Tales of Destiny,FALSE,,,,,
Tales of Eternia,FALSE,,,,,
Tall Infinity,FALSE,,,,,
Team Buddies,FALSE,,,,,
Team LOSI RC Racer,FALSE,,,,,
Tecmo's Deception: Invitation to Darkness,FALSE,,,,,
Tecmo Stackers,FALSE,,,,,
Tecmo Super Bowl,FALSE,,,,,
Tecmo World Golf,FALSE,,,,,
Tekken,FALSE,,,,,
Tekken 2,TRUE,,,7/25/2023,20,Cracked case
Tekken 3,FALSE,,,,,
Tempest X3,FALSE,,,,,
Tenchu : Stealth Assassins,FALSE,,,,,
Tenchu 2: Birth of the Stealth Assassins,FALSE,,,,,
Tennis,TRUE,,,7/25/2023,4,
Tennis Arena,FALSE,,,,,
Ten Pin Alley,FALSE,,,,,
Test Drive 4,TRUE,,,7/25/2023,3.5,
Test Drive 5,FALSE,,,,,
Test Drive 6,FALSE,,,,,
Test Drive Le Mans,FALSE,,,,,
Test Drive Off-Road,FALSE,,,,,
Test Drive Off-Road 2,FALSE,,,,,
Test Drive Off-Road 3,FALSE,,,,,
Tetris Plus,FALSE,,,,,
Theme Hospital,TRUE,,,7/25/2023,19,
Theme Park,TRUE,,,7/25/2023,19,
Theme Park World,FALSE,,,,,
Thousand Arms,FALSE,,,,,
Thrasher: Skate and Destroy,FALSE,,,,,
Threads of Fate,FALSE,,,,,
The Three Stooges,FALSE,,,,,
Thunder Force V,FALSE,,,,,
Thunder Truck Rally,FALSE,,,,,
Thunderstrike 2,FALSE,,,,,
Tigershark,FALSE,,,,,
Tiger Woods 99 PGA Tour Golf,FALSE,,,,,
Tiger Woods PGA Tour 2000,FALSE,,,,,
Tiger Woods PGA Tour Golf,FALSE,,,,,
Tigger's Honey Hunt,FALSE,,,,,
Time Commando,FALSE,,,,,
Time Crisis,FALSE,,,,,
Time Crisis: Project Titan,FALSE,,,,,
Tiny Tank,FALSE,,,,,
Tiny Toon Adventures: The Great Beanstalk,FALSE,,,,,
Tiny Toon Adventures: Toonenstein -- Dare to Scare,FALSE,,,,,
Tiny Toon Adventures: Plucky's Big Adventure,FALSE,,,,,
TNN Motor Sports Hardcore 4X4,FALSE,,,,,
TNN Motor Sports Hardcore TR,TRUE,,,7/25/2023,4,
Tobal No. 1,FALSE,,,,,
TOCA Touring Car Championship,FALSE,,,,,
TOCA 2 Touring Cars,FALSE,,,,,
Tokyo Highway Battle,FALSE,,,,,
Tom Clancy's Rainbow Six,FALSE,,,,,
Tom Clancy's Rainbow Six: Lone Wolf,FALSE,,,,,
Tom Clancy's Rainbow Six: Rogue Spear,FALSE,,,,,
Tom and Jerry in House Trap,FALSE,,,,,
Tomb Raider,FALSE,,,,,
Tomb Raider II,FALSE,,,,,
Tomb Raider III: Adventures of Lara Croft,FALSE,,,,,
Tomb Raider: The Last Revelation,FALSE,,,,,
Tomb Raider Chronicles,FALSE,,,,,
Tomba!,FALSE,,,,,
Tomba! 2: The Evil Swine Return,FALSE,,,,,
Tonka Space Station,TRUE,,,8/1/2023,6.29,
Tony Hawk's Pro Skater,FALSE,,,,,
Tony Hawk's Pro Skater 2,FALSE,,,,,
Tony Hawk's Pro Skater 3,FALSE,,,,,
Tony Hawk's Pro Skater 4,FALSE,,,,,
Top Gun: Fire at Will,FALSE,,,,,
Torneko: The Last Hope,FALSE,,,,,
Total Eclipse Turbo,FALSE,,,,,
Toy Story 2: Buzzlightyear to the Rescue,FALSE,,,,,
Toy Story Racer,FALSE,,,,,
Trap Gunner: Countdown to Oblivion,FALSE,,,,,
Transformers: Beast Wars Transmetals,FALSE,,,,,
Treasure Planet,FALSE,,,,,
Trick'n Snowboarder,FALSE,,,,,
Triple Play 97,FALSE,,,,,
Triple Play 98,FALSE,,,,,
Triple Play 2001,FALSE,,,,,
Triple Play 99,FALSE,,,,,
Triple Play Baseball,FALSE,,,,,
Treasures of the Deep,FALSE,,,,,
True Pinball,FALSE,,,,,
Tunnel B1,FALSE,,,,,
Turbo Prop Racing,FALSE,,,,,
Turnabout,FALSE,,,,,
Twisted Metal,FALSE,,,,,
Twisted Metal 2,FALSE,,,,,
Twisted Metal III,FALSE,,,,,
Twisted Metal 4,FALSE,,,,,
Tyco RC: Assault With a Battery,FALSE,,,,,
Ubik,FALSE,,,,,
Ultimate 8-Ball,FALSE,,,,,
Ultimate Brain Games,FALSE,,,,,
Ultimate Fighting Championship,FALSE,,,,,
Um Jammer Lammy,FALSE,,,,,
The Unholy War,FALSE,,,,,
Uprising X,FALSE,,,,,
Urban Chaos PlayStation Game,FALSE,,,,,
V-Rally,FALSE,,,,,
V-Tennis,FALSE,,,,,
Vagrant Story,FALSE,,,,,
Valkyrie Profile,FALSE,,,,,
Vampire Hunter D,FALSE,,,,,
Vanark,FALSE,,,,,
Vandal Hearts,FALSE,,,,,
Vandal Hearts II,FALSE,,,,,
Vanguard Bandits,FALSE,,,,,
Vanishing Point,FALSE,,,,,
Vegas Games 2000,FALSE,,,,,
Viewpoint,FALSE,,,,,
Vigilante 8,FALSE,,,,,
Vigilante 8: 2nd Offense,FALSE,,,,,
V.I.P.,TRUE,,,7/25/2023,7,
Virtual Kasparov,FALSE,,,,,
Virtual Pool,TRUE,,,7/25/2023,4,
Virtual Pool 3,FALSE,,,,,
Viva Soccer,FALSE,,,,,
VMX Racing,FALSE,,,,,
VR Baseball '97,FALSE,,,,,
VR Baseball '99,FALSE,,,,,
VR Golf '97,FALSE,,,,,
VR Soccer '96,FALSE,,,,,
VR Sports Powerboat Racing,FALSE,,,,,
Vs.,FALSE,,,,,
Walt Disney World Quest: Magical Racing Tour,FALSE,,,,,
Warcraft 2: The Dark Saga,TRUE,,,7/25/2023,40,
Wargames: Defcon 1,FALSE,,,,,
War Gods,FALSE,,,,,
War Jetz,FALSE,,,,,
Warhammer: Dark Omen,FALSE,,,,,
Warhammer: Shadow of the Horned Rat,FALSE,,,,,
Warhawk,FALSE,,,,,
Warriors of Might and Magic,FALSE,,,,,
Warpath: Jurassic Park,FALSE,,,,,
Warzone 2100,FALSE,,,,,
Wayne Gretzky's 3D Hockey '98,FALSE,,,,,
WCW Backstage Assault,FALSE,,,,,
WCW Mayhem,FALSE,,,,,
WCW Nitro,TRUE,,,7/25/2023,4,
WCW/Nwo Thunder,FALSE,,,,,
WCW vs. the World,FALSE,,,,,
The Weakest Link,FALSE,,,,,
Wheel of Fortune,FALSE,,,,,
Wheel of Fortune 2nd Edition,TRUE,,,7/25/2023,3.5,
Who Wants to Be a Millionaire: Second Edition,FALSE,,,,,
Who Wants to Be a Millionaire: Third Edition,FALSE,,,,,
Wild 9,TRUE,,,7/14/2023,20,
Wild Arms,FALSE,,,,,
Wild Arms 2,FALSE,,,,,
The Wild Thornberrys: Animal Adventure,FALSE,,,,,
Williams Arcade's Greatest Hits,FALSE,,,,,
Wing Commander III : Heart of the Tiger,TRUE,,,7/25/2023,25,
Wing Commander IV: The Price of Freedom,TRUE,,,7/25/2023,20,Cracked
Winnie the Pooh: Kindergarten,FALSE,,,,,
Winnie the Pooh: Preschool,FALSE,,,,,
Wipeout,FALSE,,,,,
Wipeout XL,FALSE,,,,,
Wipeout 3: Special Edition,FALSE,,,,,
Woody Woodpecker Racing,FALSE,,,,,
World Cup 98,FALSE,,,,,
World Cup Golf: Professional Edition,TRUE,,,7/25/2023,4,
World Destruction League: Thunder Tanks,FALSE,,,,,
World's Scariest Police Chases,FALSE,,,,,
Worms,FALSE,,,,,
Worms Armageddon,FALSE,,,,,
Worms World Party,FALSE,,,,,
Wreckin' Crew,FALSE,,,,,
Write Away,FALSE,,,,,
Wu-Tang: Shaolin Style,FALSE,,,,,
WWF Attitude,FALSE,,,,,
WWF in Your House,FALSE,,,,,
WWF Smackdown!,FALSE,,,,,
WWF Smackdown! 2: Know Your Role,FALSE,,,,,
WWF War Zone,FALSE,,,,,
WWF Wrestlemania: The Arcade Game,FALSE,,,,,
X-Bladez: Inline Skater,FALSE,,,,,
X-Com : UFO Defense,FALSE,,,,,
The X-Files,FALSE,,,,,
X-Men: Children of the Atom,FALSE,,,,,
X-Men : Mutant Academy,FALSE,,,,,
X-Men: Mutant Academy 2,FALSE,,,,,
X-Men vs. Street Fighter,FALSE,,,,,
Xena: Warrior Princess,TRUE,,,7/25/2023,8,
Xenogears,FALSE,,,,,
Xevious 3D/G+,FALSE,,,,,
XS Airboat Racing,FALSE,,,,,
XS Junior League Dodgeball,FALSE,,,,,
XS Junior League Football,FALSE,,,,,
XS Junior League Soccer,FALSE,,,,,
XS Moto,FALSE,,,,,
You Don't Know Jack,FALSE,,,,,
You Don't Know Jack! Mock 2,FALSE,,,,,
Yu-Gi-Oh! Forbidden Memories,FALSE,,,,,
Zero Divide,FALSE,,,,,
Zoboomafoo: Leapin' Lemurs!,FALSE,,,,,
Zoop,FALSE,,,,,
